condition_id,permit_type_id,phase,title_ja,legal_basis,severity,evidence_hint,source_id,notes
COND-RYOKAN-SHUKU-OBTAIN-01,pt-ryokan-shukuhaku,obtain,営業許可の申請・取得,旅館業法第4条,required,docs/company/licenses/records/ryokan/,mhlw-ryokan,営業開始前必須
COND-RYOKAN-SHUKU-OBTAIN-02,pt-ryokan-shukuhaku,obtain,許可証の掲示,旅館業法（掲示義務）,required,施設内掲示 · スキャン任意,mhlw-ryokan,pre-opening A2
COND-RYOKAN-SHUKU-OBTAIN-03,pt-ryokan-shukuhaku,obtain,宿泊者名簿様式の準備,旅館業法第6条,required,operations/templates/compliance/,mhlw-ryokan,運用開始は業モジュール
COND-RYOKAN-SHUKU-OBTAIN-04,pt-ryokan-shukuhaku,obtain,消防用設備等の適合,消防法第17条の3,required,docs/company/licenses/records/ryokan/,fdma-fire,前提 PER または並行 APP
COND-RYOKAN-SHUKU-CHANGE-01,pt-ryokan-shukuhaku,change,許可事項変更届出,旅館業法施行規則,required,,mhlw-ryokan,lead_days 目安14
COND-RYOKAN-SHUKU-RENEW-01,pt-ryokan-shukuhaku,renew,更新・再交付が必要な場合の手続,旅館業法 · 自治体条例,recommended,,mhlw-ryokan,原則無期限でも自治体手続あり
COND-ANTIQUE-OBTAIN-01,pt-antique-dealer,obtain,古物商許可の申請・取得,古物営業法第4条,required,docs/company/licenses/records/,npa-security,営業開始前必須 · 公安委員会
COND-ANTIQUE-OBTAIN-02,pt-antique-dealer,obtain,主たる営業所の届出・標識,古物営業法,required,docs/company/licenses/records/,npa-security,許可証・標識の掲示
COND-TAKKEN-OBTAIN-01,pt-takken,obtain,宅建業免許の申請・取得,宅地建物取引業法第4条,required,docs/company/licenses/records/,mlit-takken,事業者単位 · lead_days 目安90
COND-TAKKEN-OBTAIN-02,pt-takken,obtain,専任宅地建物取引士の配置,宅地建物取引業法第20条,required,docs/company/licenses/records/,mlit-takken,事務所ごとの配置義務
COND-TAKKEN-OBTAIN-03,pt-takken,obtain,営業保証金または弁済業務保証金の供託,宅地建物取引業法,required,docs/company/licenses/records/,mlit-takken,供託・保証協会加入
COND-JOB-INTRO-FEE-OBTAIN-01,pt-job-intro-fee,obtain,有料職業紹介事業許可の申請・取得,職業安定法第32条の13,required,docs/company/licenses/records/,,5年更新 · lead_days 目安90
COND-JOB-INTRO-FEE-OBTAIN-02,pt-job-intro-fee,obtain,手数料表・業務運営規程の整備,職業安定法,required,docs/company/licenses/records/,,許可申請添付
COND-MD-MAH-OBTAIN-01,pt-medical-device-mah,obtain,医療機器製造販売業許可の申請・取得,薬機法第12条,required,docs/company/licenses/records/,pmda,詳細は jp_medical_device
COND-MD-MAH-OBTAIN-02,pt-medical-device-mah,obtain,総括製造販売責任者・品質保証責任者等の配置,薬機法,required,docs/company/licenses/records/,pmda,人的要件
COND-MD-MAH-OBTAIN-03,pt-medical-device-mah,obtain,GVP・QMS 体制の整備,薬機法・GVP省令,required,docs/compliance/,pmda,許可後も継続義務あり
COND-MD-MFG-OBTAIN-01,pt-medical-device-mfg,obtain,医療機器製造業許可の申請・取得,薬機法第6条の2,required,docs/company/licenses/records/,pmda,サイト単位 · jp_medical_device
COND-MD-MFG-OBTAIN-02,pt-medical-device-mfg,obtain,製造所の構造設備・責任技術者の配置,薬機法,required,docs/company/licenses/records/,pmda,site_scoped
COND-FIRE-EQUIP-OBTAIN-01,pt-fire-equip,obtain,消防用設備等配置証明の取得,消防法第17条の3,required,docs/company/licenses/records/,fdma-fire,宿泊等の前提許可
COND-FIRE-EQUIP-OBTAIN-02,pt-fire-equip,obtain,消防用設備等の設置適合確認,消防法,required,docs/company/licenses/records/,fdma-fire,消防署検査
COND-FOOD-REST-OBTAIN-01,pt-food-restaurant,obtain,飲食店営業許可の申請・取得,食品衛生法第28条,required,docs/company/licenses/records/,mhlw-food,保健所経由
COND-FOOD-REST-OBTAIN-02,pt-food-restaurant,obtain,食品衛生責任者の配置,食品衛生法,required,docs/company/licenses/records/,mhlw-food,営業施設ごと
COND-FOOD-REST-OBTAIN-03,pt-food-restaurant,obtain,HACCPに沿った衛生管理の準備,食品衛生法,required,operations/ledgers/food-hygiene/,mhlw-food,温度記録等
COND-FIEA-TYPE1-OBTAIN-01,pt-fiea-type1,obtain,金融商品取引業者登録申請書の作成・提出,金融商品取引法第29条,required,docs/company/licenses/records/fiea/,fsa-fiea,内閣総理大臣宛 · 財務局経由
COND-FIEA-TYPE1-OBTAIN-02,pt-fiea-type1,obtain,定款・登記事項証明書・役員履歴書等の添付,金融商品取引法施行令・内閣府令,required,docs/company/licenses/records/fiea/,fsa-fiea,会社DBから商号・資本金・役員を転記可
COND-FIEA-TYPE1-OBTAIN-03,pt-fiea-type1,obtain,純資産額・自己資本規制比率等の財務要件確認,金融商品取引法第29条の4,required,docs/finance/,fsa-fiea,拒否事由・財務要件
COND-FIEA-TYPE1-OBTAIN-04,pt-fiea-type1,obtain,コンプライアンス・内部管理統括責任者の配置,金商法・協会規則,required,docs/compliance/,fsa-fiea,人的構成
COND-FIEA-TYPE1-OBTAIN-05,pt-fiea-type1,obtain,営業所・システム・顧客資産分別管理の整備,金商法,required,docs/company/licenses/records/fiea/,fsa-fiea,物的要件
COND-FIEA-TYPE2-OBTAIN-01,pt-fiea-type2,obtain,第二種金融商品取引業の登録申請,金融商品取引法第29条,required,docs/company/licenses/records/fiea/,fsa-fiea,ファンド持分等
COND-FIEA-TYPE2-OBTAIN-02,pt-fiea-type2,obtain,業務方法書・勧誘規制体制の整備,金商法・協会規則,required,docs/compliance/,fsa-fiea,
COND-FIEA-TYPE2-OBTAIN-03,pt-fiea-type2,obtain,純資産・人的構成の充足,金融商品取引法第29条の4,required,docs/finance/,fsa-fiea,
COND-FIEA-INVESTMENT-ADVISORY-OBTAIN-01,pt-fiea-investment-advisory,obtain,投資助言・代理業の申請・取得,金融商品取引法第29条,required,docs/company/licenses/records/,,営業開始前必須
COND-FIEA-INVESTMENT-ADVISORY-OBTAIN-02,pt-fiea-investment-advisory,obtain,申請書類・添付書類の整備,金融商品取引法第29条,required,docs/company/licenses/records/,,定款・登記事項・図面等（種別による）
COND-FIEA-INVESTMENT-ADVISORY-OBTAIN-03,pt-fiea-investment-advisory,obtain,人的・物的要件の充足確認,金融商品取引法第29条,required,docs/company/licenses/records/,,責任者配置・設備・保証金等
COND-FIEA-INVESTMENT-MANAGEMENT-OBTAIN-01,pt-fiea-investment-management,obtain,投資運用業の申請・取得,金融商品取引法第29条,required,docs/company/licenses/records/,,営業開始前必須
COND-FIEA-INVESTMENT-MANAGEMENT-OBTAIN-02,pt-fiea-investment-management,obtain,申請書類・添付書類の整備,金融商品取引法第29条,required,docs/company/licenses/records/,,定款・登記事項・図面等（種別による）
COND-FIEA-INVESTMENT-MANAGEMENT-OBTAIN-03,pt-fiea-investment-management,obtain,人的・物的要件の充足確認,金融商品取引法第29条,required,docs/company/licenses/records/,,責任者配置・設備・保証金等
COND-FIEA-REGISTERED-FINANCIAL-INSTITUTION-OBTAIN-01,pt-fiea-registered-financial-institution,obtain,登録金融機関業務（金商法）の申請・取得,金融商品取引法第33条の2,required,docs/company/licenses/records/,,営業開始前必須
COND-FIEA-REGISTERED-FINANCIAL-INSTITUTION-OBTAIN-02,pt-fiea-registered-financial-institution,obtain,申請書類・添付書類の整備,金融商品取引法第33条の2,required,docs/company/licenses/records/,,定款・登記事項・図面等（種別による）
COND-FIEA-REGISTERED-FINANCIAL-INSTITUTION-OBTAIN-03,pt-fiea-registered-financial-institution,obtain,人的・物的要件の充足確認,金融商品取引法第33条の2,required,docs/company/licenses/records/,,責任者配置・設備・保証金等
COND-BANKING-OBTAIN-01,pt-banking,obtain,銀行業免許の申請・取得,銀行法第4条,required,docs/company/licenses/records/,,営業開始前必須
COND-BANKING-OBTAIN-02,pt-banking,obtain,申請書類・添付書類の整備,銀行法第4条,required,docs/company/licenses/records/,,定款・登記事項・図面等（種別による）
COND-BANKING-OBTAIN-03,pt-banking,obtain,人的・物的要件の充足確認,銀行法第4条,required,docs/company/licenses/records/,,責任者配置・設備・保証金等
COND-INSURANCE-OBTAIN-01,pt-insurance,obtain,保険業免許の申請・取得,保険業法第3条,required,docs/company/licenses/records/,,営業開始前必須
COND-INSURANCE-OBTAIN-02,pt-insurance,obtain,申請書類・添付書類の整備,保険業法第3条,required,docs/company/licenses/records/,,定款・登記事項・図面等（種別による）
COND-INSURANCE-OBTAIN-03,pt-insurance,obtain,人的・物的要件の充足確認,保険業法第3条,required,docs/company/licenses/records/,,責任者配置・設備・保証金等
COND-INSURANCE-AGENT-OBTAIN-01,pt-insurance-agent,obtain,保険募集人登録の申請・取得,保険業法第276条,required,docs/company/licenses/records/,,営業開始前必須
COND-INSURANCE-AGENT-OBTAIN-02,pt-insurance-agent,obtain,申請書類・添付書類の整備,保険業法第276条,required,docs/company/licenses/records/,,定款・登記事項・図面等（種別による）
COND-INSURANCE-AGENT-OBTAIN-03,pt-insurance-agent,obtain,人的・物的要件の充足確認,保険業法第276条,required,docs/company/licenses/records/,,責任者配置・設備・保証金等
COND-TRUST-OBTAIN-01,pt-trust,obtain,信託業免許・登録の申請・取得,信託業法第3条・第7条,required,docs/company/licenses/records/,,営業開始前必須
COND-TRUST-OBTAIN-02,pt-trust,obtain,申請書類・添付書類の整備,信託業法第3条・第7条,required,docs/company/licenses/records/,,定款・登記事項・図面等（種別による）
COND-TRUST-OBTAIN-03,pt-trust,obtain,人的・物的要件の充足確認,信託業法第3条・第7条,required,docs/company/licenses/records/,,責任者配置・設備・保証金等
COND-PREPAID-PAYMENT-OBTAIN-01,pt-prepaid-payment,obtain,前払式支払手段発行者届出・登録の申請・取得,資金決済に関する法律第7条・第8条,required,docs/company/licenses/records/,,営業開始前必須
COND-PREPAID-PAYMENT-OBTAIN-02,pt-prepaid-payment,obtain,申請書類・添付書類の整備,資金決済に関する法律第7条・第8条,required,docs/company/licenses/records/,,定款・登記事項・図面等（種別による）
COND-PREPAID-PAYMENT-OBTAIN-03,pt-prepaid-payment,obtain,人的・物的要件の充足確認,資金決済に関する法律第7条・第8条,required,docs/company/licenses/records/,,責任者配置・設備・保証金等
COND-ELECTRONIC-PAYMENT-AGENCY-OBTAIN-01,pt-electronic-payment-agency,obtain,電子決済等代行業者登録の申請・取得,銀行法第52条の61の2,required,docs/company/licenses/records/,,営業開始前必須
COND-ELECTRONIC-PAYMENT-AGENCY-OBTAIN-02,pt-electronic-payment-agency,obtain,申請書類・添付書類の整備,銀行法第52条の61の2,required,docs/company/licenses/records/,,定款・登記事項・図面等（種別による）
COND-ELECTRONIC-PAYMENT-AGENCY-OBTAIN-03,pt-electronic-payment-agency,obtain,人的・物的要件の充足確認,銀行法第52条の61の2,required,docs/company/licenses/records/,,責任者配置・設備・保証金等
COND-FINANCIAL-INSTRUMENTS-INTERMEDIARY-OBTAIN-01,pt-financial-instruments-intermediary,obtain,金融商品仲介業登録の申請・取得,金融商品取引法第66条,required,docs/company/licenses/records/,,営業開始前必須
COND-FINANCIAL-INSTRUMENTS-INTERMEDIARY-OBTAIN-02,pt-financial-instruments-intermediary,obtain,申請書類・添付書類の整備,金融商品取引法第66条,required,docs/company/licenses/records/,,定款・登記事項・図面等（種別による）
COND-FINANCIAL-INSTRUMENTS-INTERMEDIARY-OBTAIN-03,pt-financial-instruments-intermediary,obtain,人的・物的要件の充足確認,金融商品取引法第66条,required,docs/company/licenses/records/,,責任者配置・設備・保証金等
COND-CREDIT-CARD-OBTAIN-01,pt-credit-card,obtain,包括信用購入あっせん業登録の申請・取得,割賦販売法第31条,required,docs/company/licenses/records/,,営業開始前必須
COND-CREDIT-CARD-OBTAIN-02,pt-credit-card,obtain,申請書類・添付書類の整備,割賦販売法第31条,required,docs/company/licenses/records/,,定款・登記事項・図面等（種別による）
COND-CREDIT-CARD-OBTAIN-03,pt-credit-card,obtain,人的・物的要件の充足確認,割賦販売法第31条,required,docs/company/licenses/records/,,責任者配置・設備・保証金等
COND-COMMODITY-DERIVATIVES-OBTAIN-01,pt-commodity-derivatives,obtain,商品先物取引業者許可の申請・取得,商品先物取引法第190条,required,docs/company/licenses/records/,,営業開始前必須
COND-COMMODITY-DERIVATIVES-OBTAIN-02,pt-commodity-derivatives,obtain,申請書類・添付書類の整備,商品先物取引法第190条,required,docs/company/licenses/records/,,定款・登記事項・図面等（種別による）
COND-COMMODITY-DERIVATIVES-OBTAIN-03,pt-commodity-derivatives,obtain,人的・物的要件の充足確認,商品先物取引法第190条,required,docs/company/licenses/records/,,責任者配置・設備・保証金等
COND-COSMETICS-MAH-OBTAIN-01,pt-cosmetics-mah,obtain,化粧品製造販売業許可申請書の提出,薬機法第12条,required,docs/company/licenses/records/cosmetics/,mhlw-pharma,都道府県経由
COND-COSMETICS-MAH-OBTAIN-02,pt-cosmetics-mah,obtain,総括製造販売責任者の配置,薬機法,required,docs/company/licenses/records/cosmetics/,mhlw-pharma,人的要件
COND-COSMETICS-MAH-OBTAIN-03,pt-cosmetics-mah,obtain,GQP・GVP 体制の整備,薬機法・GQP/GVP省令,required,docs/compliance/,mhlw-pharma,品質・安全
COND-COSMETICS-MAH-OBTAIN-04,pt-cosmetics-mah,obtain,製造所・試験検査設備の確保（委託含む）,薬機法,required,docs/company/licenses/records/cosmetics/,mhlw-pharma,製造は pt-cosmetics-mfg と連動可
COND-COSMETICS-MFG-OBTAIN-01,pt-cosmetics-mfg,obtain,化粧品製造業許可の申請・取得,薬機法第13条,required,docs/company/licenses/records/,,営業開始前必須
COND-COSMETICS-MFG-OBTAIN-02,pt-cosmetics-mfg,obtain,申請書類・添付書類の整備,薬機法第13条,required,docs/company/licenses/records/,,定款・登記事項・図面等（種別による）
COND-COSMETICS-MFG-OBTAIN-03,pt-cosmetics-mfg,obtain,人的・物的要件の充足確認,薬機法第13条,required,docs/company/licenses/records/,,責任者配置・設備・保証金等
COND-QUASI-DRUG-MAH-OBTAIN-01,pt-quasi-drug-mah,obtain,医薬部外品製造販売業許可の申請・取得,薬機法第12条,required,docs/company/licenses/records/,,営業開始前必須
COND-QUASI-DRUG-MAH-OBTAIN-02,pt-quasi-drug-mah,obtain,申請書類・添付書類の整備,薬機法第12条,required,docs/company/licenses/records/,,定款・登記事項・図面等（種別による）
COND-QUASI-DRUG-MAH-OBTAIN-03,pt-quasi-drug-mah,obtain,人的・物的要件の充足確認,薬機法第12条,required,docs/company/licenses/records/,,責任者配置・設備・保証金等
COND-QUASI-DRUG-MFG-OBTAIN-01,pt-quasi-drug-mfg,obtain,医薬部外品製造業許可の申請・取得,薬機法第13条,required,docs/company/licenses/records/,,営業開始前必須
COND-QUASI-DRUG-MFG-OBTAIN-02,pt-quasi-drug-mfg,obtain,申請書類・添付書類の整備,薬機法第13条,required,docs/company/licenses/records/,,定款・登記事項・図面等（種別による）
COND-QUASI-DRUG-MFG-OBTAIN-03,pt-quasi-drug-mfg,obtain,人的・物的要件の充足確認,薬機法第13条,required,docs/company/licenses/records/,,責任者配置・設備・保証金等
COND-PHARMA-MAH-OBTAIN-01,pt-pharma-mah,obtain,医薬品製造販売業許可申請,薬機法第12条,required,docs/company/licenses/records/pharma/,mhlw-pharma,都道府県
COND-PHARMA-MAH-OBTAIN-02,pt-pharma-mah,obtain,総括製造販売責任者・品質保証責任者・安全管理責任者の配置,薬機法,required,docs/company/licenses/records/pharma/,mhlw-pharma,三役
COND-PHARMA-MAH-OBTAIN-03,pt-pharma-mah,obtain,GQP・GVP 体制整備,薬機法省令,required,docs/compliance/,mhlw-pharma,
COND-PHARMA-MAH-OBTAIN-04,pt-pharma-mah,obtain,品目承認・届出との切り分け確認,薬機法,required,docs/company/licenses/records/pharma/,mhlw-pharma,業許可≠品目承認
COND-PHARMA-MFG-OBTAIN-01,pt-pharma-mfg,obtain,医薬品製造業許可の申請・取得,薬機法第13条,required,docs/company/licenses/records/,,営業開始前必須
COND-PHARMA-MFG-OBTAIN-02,pt-pharma-mfg,obtain,申請書類・添付書類の整備,薬機法第13条,required,docs/company/licenses/records/,,定款・登記事項・図面等（種別による）
COND-PHARMA-MFG-OBTAIN-03,pt-pharma-mfg,obtain,人的・物的要件の充足確認,薬機法第13条,required,docs/company/licenses/records/,,責任者配置・設備・保証金等
COND-PHARMA-WHOLESALE-OBTAIN-01,pt-pharma-wholesale,obtain,医薬品卸売販売業許可の申請・取得,薬機法第24条,required,docs/company/licenses/records/,,営業開始前必須
COND-PHARMA-WHOLESALE-OBTAIN-02,pt-pharma-wholesale,obtain,申請書類・添付書類の整備,薬機法第24条,required,docs/company/licenses/records/,,定款・登記事項・図面等（種別による）
COND-PHARMA-WHOLESALE-OBTAIN-03,pt-pharma-wholesale,obtain,人的・物的要件の充足確認,薬機法第24条,required,docs/company/licenses/records/,,責任者配置・設備・保証金等
COND-PHARMA-STORE-SALES-OBTAIN-01,pt-pharma-store-sales,obtain,店舗販売業許可（医薬品）の申請・取得,薬機法第24条,required,docs/company/licenses/records/,,営業開始前必須
COND-PHARMA-STORE-SALES-OBTAIN-02,pt-pharma-store-sales,obtain,申請書類・添付書類の整備,薬機法第24条,required,docs/company/licenses/records/,,定款・登記事項・図面等（種別による）
COND-PHARMA-STORE-SALES-OBTAIN-03,pt-pharma-store-sales,obtain,人的・物的要件の充足確認,薬機法第24条,required,docs/company/licenses/records/,,責任者配置・設備・保証金等
COND-PHARMA-PLACEMENT-SALES-OBTAIN-01,pt-pharma-placement-sales,obtain,配置販売業許可（医薬品）の申請・取得,薬機法第24条,required,docs/company/licenses/records/,,営業開始前必須
COND-PHARMA-PLACEMENT-SALES-OBTAIN-02,pt-pharma-placement-sales,obtain,申請書類・添付書類の整備,薬機法第24条,required,docs/company/licenses/records/,,定款・登記事項・図面等（種別による）
COND-PHARMA-PLACEMENT-SALES-OBTAIN-03,pt-pharma-placement-sales,obtain,人的・物的要件の充足確認,薬機法第24条,required,docs/company/licenses/records/,,責任者配置・設備・保証金等
COND-POISONOUS-DRUG-OBTAIN-01,pt-poisonous-drug,obtain,毒物劇物製造業・販売業登録の申請・取得,毒物及び劇物取締法第3条,required,docs/company/licenses/records/,,営業開始前必須
COND-POISONOUS-DRUG-OBTAIN-02,pt-poisonous-drug,obtain,申請書類・添付書類の整備,毒物及び劇物取締法第3条,required,docs/company/licenses/records/,,定款・登記事項・図面等（種別による）
COND-POISONOUS-DRUG-OBTAIN-03,pt-poisonous-drug,obtain,人的・物的要件の充足確認,毒物及び劇物取締法第3条,required,docs/company/licenses/records/,,責任者配置・設備・保証金等
COND-NARCOTICS-HANDLER-OBTAIN-01,pt-narcotics-handler,obtain,麻薬取扱者免許の申請・取得,麻薬及び向精神薬取締法第3条,required,docs/company/licenses/records/,,営業開始前必須
COND-NARCOTICS-HANDLER-OBTAIN-02,pt-narcotics-handler,obtain,申請書類・添付書類の整備,麻薬及び向精神薬取締法第3条,required,docs/company/licenses/records/,,定款・登記事項・図面等（種別による）
COND-NARCOTICS-HANDLER-OBTAIN-03,pt-narcotics-handler,obtain,人的・物的要件の充足確認,麻薬及び向精神薬取締法第3条,required,docs/company/licenses/records/,,責任者配置・設備・保証金等
COND-REGENERATIVE-MAH-OBTAIN-01,pt-regenerative-mah,obtain,再生医療等製品製造販売業許可の申請・取得,薬機法第23条の20,required,docs/company/licenses/records/,,営業開始前必須
COND-REGENERATIVE-MAH-OBTAIN-02,pt-regenerative-mah,obtain,申請書類・添付書類の整備,薬機法第23条の20,required,docs/company/licenses/records/,,定款・登記事項・図面等（種別による）
COND-REGENERATIVE-MAH-OBTAIN-03,pt-regenerative-mah,obtain,人的・物的要件の充足確認,薬機法第23条の20,required,docs/company/licenses/records/,,責任者配置・設備・保証金等
COND-TRAVEL-AGENCY-1-OBTAIN-01,pt-travel-agency-1,obtain,旅行業登録（第1種）の申請・取得,旅行業法第3条,required,docs/company/licenses/records/,,営業開始前必須
COND-TRAVEL-AGENCY-1-OBTAIN-02,pt-travel-agency-1,obtain,申請書類・添付書類の整備,旅行業法第3条,required,docs/company/licenses/records/,,定款・登記事項・図面等（種別による）
COND-TRAVEL-AGENCY-1-OBTAIN-03,pt-travel-agency-1,obtain,人的・物的要件の充足確認,旅行業法第3条,required,docs/company/licenses/records/,,責任者配置・設備・保証金等
COND-TRAVEL-AGENCY-2-OBTAIN-01,pt-travel-agency-2,obtain,旅行業登録（第2種）の申請・取得,旅行業法第3条,required,docs/company/licenses/records/,,営業開始前必須
COND-TRAVEL-AGENCY-2-OBTAIN-02,pt-travel-agency-2,obtain,申請書類・添付書類の整備,旅行業法第3条,required,docs/company/licenses/records/,,定款・登記事項・図面等（種別による）
COND-TRAVEL-AGENCY-2-OBTAIN-03,pt-travel-agency-2,obtain,人的・物的要件の充足確認,旅行業法第3条,required,docs/company/licenses/records/,,責任者配置・設備・保証金等
COND-TRAVEL-AGENCY-3-OBTAIN-01,pt-travel-agency-3,obtain,旅行業登録（第3種）の申請・取得,旅行業法第3条,required,docs/company/licenses/records/,,営業開始前必須
COND-TRAVEL-AGENCY-3-OBTAIN-02,pt-travel-agency-3,obtain,申請書類・添付書類の整備,旅行業法第3条,required,docs/company/licenses/records/,,定款・登記事項・図面等（種別による）
COND-TRAVEL-AGENCY-3-OBTAIN-03,pt-travel-agency-3,obtain,人的・物的要件の充足確認,旅行業法第3条,required,docs/company/licenses/records/,,責任者配置・設備・保証金等
COND-TRAVEL-AGENCY-REGIONAL-OBTAIN-01,pt-travel-agency-regional,obtain,地域限定旅行業登録の申請・取得,旅行業法第3条,required,docs/company/licenses/records/,,営業開始前必須
COND-TRAVEL-AGENCY-REGIONAL-OBTAIN-02,pt-travel-agency-regional,obtain,申請書類・添付書類の整備,旅行業法第3条,required,docs/company/licenses/records/,,定款・登記事項・図面等（種別による）
COND-TRAVEL-AGENCY-REGIONAL-OBTAIN-03,pt-travel-agency-regional,obtain,人的・物的要件の充足確認,旅行業法第3条,required,docs/company/licenses/records/,,責任者配置・設備・保証金等
COND-TRAVEL-AGENT-OBTAIN-01,pt-travel-agent,obtain,旅行業者代理業登録の申請・取得,旅行業法第3条,required,docs/company/licenses/records/,,営業開始前必須
COND-TRAVEL-AGENT-OBTAIN-02,pt-travel-agent,obtain,申請書類・添付書類の整備,旅行業法第3条,required,docs/company/licenses/records/,,定款・登記事項・図面等（種別による）
COND-TRAVEL-AGENT-OBTAIN-03,pt-travel-agent,obtain,人的・物的要件の充足確認,旅行業法第3条,required,docs/company/licenses/records/,,責任者配置・設備・保証金等
COND-WAREHOUSING-OBTAIN-01,pt-warehousing,obtain,倉庫業登録の申請・取得,倉庫業法第3条,required,docs/company/licenses/records/,,営業開始前必須
COND-WAREHOUSING-OBTAIN-02,pt-warehousing,obtain,申請書類・添付書類の整備,倉庫業法第3条,required,docs/company/licenses/records/,,定款・登記事項・図面等（種別による）
COND-WAREHOUSING-OBTAIN-03,pt-warehousing,obtain,人的・物的要件の充足確認,倉庫業法第3条,required,docs/company/licenses/records/,,責任者配置・設備・保証金等
COND-MOTOR-VEHICLE-MAINTENANCE-OBTAIN-01,pt-motor-vehicle-maintenance,obtain,自動車分解整備事業認証の申請・取得,道路運送車両法第78条,required,docs/company/licenses/records/,,営業開始前必須
COND-MOTOR-VEHICLE-MAINTENANCE-OBTAIN-02,pt-motor-vehicle-maintenance,obtain,申請書類・添付書類の整備,道路運送車両法第78条,required,docs/company/licenses/records/,,定款・登記事項・図面等（種別による）
COND-MOTOR-VEHICLE-MAINTENANCE-OBTAIN-03,pt-motor-vehicle-maintenance,obtain,人的・物的要件の充足確認,道路運送車両法第78条,required,docs/company/licenses/records/,,責任者配置・設備・保証金等
COND-PASSENGER-BUS-CHARTER-OBTAIN-01,pt-passenger-bus-charter,obtain,一般貸切旅客自動車運送事業許可の申請・取得,道路運送法第4条,required,docs/company/licenses/records/,,営業開始前必須
COND-PASSENGER-BUS-CHARTER-OBTAIN-02,pt-passenger-bus-charter,obtain,申請書類・添付書類の整備,道路運送法第4条,required,docs/company/licenses/records/,,定款・登記事項・図面等（種別による）
COND-PASSENGER-BUS-CHARTER-OBTAIN-03,pt-passenger-bus-charter,obtain,人的・物的要件の充足確認,道路運送法第4条,required,docs/company/licenses/records/,,責任者配置・設備・保証金等
COND-COASTAL-SHIPPING-OBTAIN-01,pt-coastal-shipping,obtain,内航海運業許可・届出の申請・取得,内航海運業法,required,docs/company/licenses/records/,,営業開始前必須
COND-COASTAL-SHIPPING-OBTAIN-02,pt-coastal-shipping,obtain,申請書類・添付書類の整備,内航海運業法,required,docs/company/licenses/records/,,定款・登記事項・図面等（種別による）
COND-COASTAL-SHIPPING-OBTAIN-03,pt-coastal-shipping,obtain,人的・物的要件の充足確認,内航海運業法,required,docs/company/licenses/records/,,責任者配置・設備・保証金等
COND-SURVEYING-OBTAIN-01,pt-surveying,obtain,測量業登録の申請・取得,測量法第55条,required,docs/company/licenses/records/,,営業開始前必須
COND-SURVEYING-OBTAIN-02,pt-surveying,obtain,申請書類・添付書類の整備,測量法第55条,required,docs/company/licenses/records/,,定款・登記事項・図面等（種別による）
COND-SURVEYING-OBTAIN-03,pt-surveying,obtain,人的・物的要件の充足確認,測量法第55条,required,docs/company/licenses/records/,,責任者配置・設備・保証金等
COND-REAL-ESTATE-APPRAISER-OFFICE-OBTAIN-01,pt-real-estate-appraiser-office,obtain,不動産鑑定業者登録の申請・取得,不動産の鑑定評価に関する法律第24条,required,docs/company/licenses/records/,,営業開始前必須
COND-REAL-ESTATE-APPRAISER-OFFICE-OBTAIN-02,pt-real-estate-appraiser-office,obtain,申請書類・添付書類の整備,不動産の鑑定評価に関する法律第24条,required,docs/company/licenses/records/,,定款・登記事項・図面等（種別による）
COND-REAL-ESTATE-APPRAISER-OFFICE-OBTAIN-03,pt-real-estate-appraiser-office,obtain,人的・物的要件の充足確認,不動産の鑑定評価に関する法律第24条,required,docs/company/licenses/records/,,責任者配置・設備・保証金等
COND-LABOR-DISPATCH-SPECIAL-OBTAIN-01,pt-labor-dispatch-special,obtain,特定労働者派遣事業（経過・参照）の申請・取得,労働者派遣法（改正前区分の参照）,required,docs/company/licenses/records/,,営業開始前必須
COND-LABOR-DISPATCH-SPECIAL-OBTAIN-02,pt-labor-dispatch-special,obtain,申請書類・添付書類の整備,労働者派遣法（改正前区分の参照）,required,docs/company/licenses/records/,,定款・登記事項・図面等（種別による）
COND-LABOR-DISPATCH-SPECIAL-OBTAIN-03,pt-labor-dispatch-special,obtain,人的・物的要件の充足確認,労働者派遣法（改正前区分の参照）,required,docs/company/licenses/records/,,責任者配置・設備・保証金等
COND-EMPLOYMENT-PLACEMENT-SPECIAL-OBTAIN-01,pt-employment-placement-special,obtain,特別の法人等による無料職業紹介の申請・取得,職業安定法第33条,required,docs/company/licenses/records/,,営業開始前必須
COND-EMPLOYMENT-PLACEMENT-SPECIAL-OBTAIN-02,pt-employment-placement-special,obtain,申請書類・添付書類の整備,職業安定法第33条,required,docs/company/licenses/records/,,定款・登記事項・図面等（種別による）
COND-EMPLOYMENT-PLACEMENT-SPECIAL-OBTAIN-03,pt-employment-placement-special,obtain,人的・物的要件の充足確認,職業安定法第33条,required,docs/company/licenses/records/,,責任者配置・設備・保証金等
COND-SECONDHAND-ARTICLES-AUCTION-OBTAIN-01,pt-secondhand-articles-auction,obtain,古物市場主許可の申請・取得,古物営業法第4条,required,docs/company/licenses/records/,,営業開始前必須
COND-SECONDHAND-ARTICLES-AUCTION-OBTAIN-02,pt-secondhand-articles-auction,obtain,申請書類・添付書類の整備,古物営業法第4条,required,docs/company/licenses/records/,,定款・登記事項・図面等（種別による）
COND-SECONDHAND-ARTICLES-AUCTION-OBTAIN-03,pt-secondhand-articles-auction,obtain,人的・物的要件の充足確認,古物営業法第4条,required,docs/company/licenses/records/,,責任者配置・設備・保証金等
COND-DOOR-TO-DOOR-SALES-NOTIFY-OBTAIN-01,pt-door-to-door-sales-notify,obtain,特定商取引法に基づく表示・届出管理の申請・取得,特定商取引法,required,docs/company/licenses/records/,,営業開始前必須
COND-DOOR-TO-DOOR-SALES-NOTIFY-OBTAIN-02,pt-door-to-door-sales-notify,obtain,申請書類・添付書類の整備,特定商取引法,required,docs/company/licenses/records/,,定款・登記事項・図面等（種別による）
COND-DOOR-TO-DOOR-SALES-NOTIFY-OBTAIN-03,pt-door-to-door-sales-notify,obtain,人的・物的要件の充足確認,特定商取引法,required,docs/company/licenses/records/,,責任者配置・設備・保証金等
COND-PAWNBROKER-OBTAIN-01,pt-pawnbroker,obtain,質屋営業許可の申請・取得,質屋営業法第2条,required,docs/company/licenses/records/,,営業開始前必須
COND-PAWNBROKER-OBTAIN-02,pt-pawnbroker,obtain,申請書類・添付書類の整備,質屋営業法第2条,required,docs/company/licenses/records/,,定款・登記事項・図面等（種別による）
COND-PAWNBROKER-OBTAIN-03,pt-pawnbroker,obtain,人的・物的要件の充足確認,質屋営業法第2条,required,docs/company/licenses/records/,,責任者配置・設備・保証金等
COND-USED-CAR-DEALER-OBTAIN-01,pt-used-car-dealer,obtain,古物商（自動車）特記の申請・取得,古物営業法第4条,required,docs/company/licenses/records/,,営業開始前必須
COND-USED-CAR-DEALER-OBTAIN-02,pt-used-car-dealer,obtain,申請書類・添付書類の整備,古物営業法第4条,required,docs/company/licenses/records/,,定款・登記事項・図面等（種別による）
COND-USED-CAR-DEALER-OBTAIN-03,pt-used-car-dealer,obtain,人的・物的要件の充足確認,古物営業法第4条,required,docs/company/licenses/records/,,責任者配置・設備・保証金等
COND-ANIMAL-HANDLING-OBTAIN-01,pt-animal-handling,obtain,第一種動物取扱業登録の申請・取得,動物の愛護及び管理に関する法律第10条,required,docs/company/licenses/records/,,営業開始前必須
COND-ANIMAL-HANDLING-OBTAIN-02,pt-animal-handling,obtain,申請書類・添付書類の整備,動物の愛護及び管理に関する法律第10条,required,docs/company/licenses/records/,,定款・登記事項・図面等（種別による）
COND-ANIMAL-HANDLING-OBTAIN-03,pt-animal-handling,obtain,人的・物的要件の充足確認,動物の愛護及び管理に関する法律第10条,required,docs/company/licenses/records/,,責任者配置・設備・保証金等
COND-ANIMAL-HANDLING-2-OBTAIN-01,pt-animal-handling-2,obtain,第二種動物取扱業届出の申請・取得,動物の愛護及び管理に関する法律第24条の2,required,docs/company/licenses/records/,,営業開始前必須
COND-ANIMAL-HANDLING-2-OBTAIN-02,pt-animal-handling-2,obtain,申請書類・添付書類の整備,動物の愛護及び管理に関する法律第24条の2,required,docs/company/licenses/records/,,定款・登記事項・図面等（種別による）
COND-ANIMAL-HANDLING-2-OBTAIN-03,pt-animal-handling-2,obtain,人的・物的要件の充足確認,動物の愛護及び管理に関する法律第24条の2,required,docs/company/licenses/records/,,責任者配置・設備・保証金等
COND-VETERINARY-CLINIC-OBTAIN-01,pt-veterinary-clinic,obtain,動物病院開設届出の申請・取得,獣医療法第3条,required,docs/company/licenses/records/,,営業開始前必須
COND-VETERINARY-CLINIC-OBTAIN-02,pt-veterinary-clinic,obtain,申請書類・添付書類の整備,獣医療法第3条,required,docs/company/licenses/records/,,定款・登記事項・図面等（種別による）
COND-VETERINARY-CLINIC-OBTAIN-03,pt-veterinary-clinic,obtain,人的・物的要件の充足確認,獣医療法第3条,required,docs/company/licenses/records/,,責任者配置・設備・保証金等
COND-NURSERY-AUTHORIZED-OBTAIN-01,pt-nursery-authorized,obtain,保育所設置認可の申請・取得,児童福祉法第35条,required,docs/company/licenses/records/,,営業開始前必須
COND-NURSERY-AUTHORIZED-OBTAIN-02,pt-nursery-authorized,obtain,申請書類・添付書類の整備,児童福祉法第35条,required,docs/company/licenses/records/,,定款・登記事項・図面等（種別による）
COND-NURSERY-AUTHORIZED-OBTAIN-03,pt-nursery-authorized,obtain,人的・物的要件の充足確認,児童福祉法第35条,required,docs/company/licenses/records/,,責任者配置・設備・保証金等
COND-NURSERY-UNAUTHORIZED-NOTIFY-OBTAIN-01,pt-nursery-unauthorized-notify,obtain,認可外保育施設届出の申請・取得,児童福祉法第59条の2,required,docs/company/licenses/records/,,営業開始前必須
COND-NURSERY-UNAUTHORIZED-NOTIFY-OBTAIN-02,pt-nursery-unauthorized-notify,obtain,申請書類・添付書類の整備,児童福祉法第59条の2,required,docs/company/licenses/records/,,定款・登記事項・図面等（種別による）
COND-NURSERY-UNAUTHORIZED-NOTIFY-OBTAIN-03,pt-nursery-unauthorized-notify,obtain,人的・物的要件の充足確認,児童福祉法第59条の2,required,docs/company/licenses/records/,,責任者配置・設備・保証金等
COND-AFTER-SCHOOL-CARE-OBTAIN-01,pt-after-school-care,obtain,放課後児童健全育成事業届出の申請・取得,児童福祉法,required,docs/company/licenses/records/,,営業開始前必須
COND-AFTER-SCHOOL-CARE-OBTAIN-02,pt-after-school-care,obtain,申請書類・添付書類の整備,児童福祉法,required,docs/company/licenses/records/,,定款・登記事項・図面等（種別による）
COND-AFTER-SCHOOL-CARE-OBTAIN-03,pt-after-school-care,obtain,人的・物的要件の充足確認,児童福祉法,required,docs/company/licenses/records/,,責任者配置・設備・保証金等
COND-NURSING-HOME-OBTAIN-01,pt-nursing-home,obtain,介護老人福祉施設開設許可の申請・取得,介護保険法,required,docs/company/licenses/records/,,営業開始前必須
COND-NURSING-HOME-OBTAIN-02,pt-nursing-home,obtain,申請書類・添付書類の整備,介護保険法,required,docs/company/licenses/records/,,定款・登記事項・図面等（種別による）
COND-NURSING-HOME-OBTAIN-03,pt-nursing-home,obtain,人的・物的要件の充足確認,介護保険法,required,docs/company/licenses/records/,,責任者配置・設備・保証金等
COND-FEE-BASED-HOME-ELDERLY-OBTAIN-01,pt-fee-based-home-elderly,obtain,有料老人ホーム設置届出の申請・取得,老人福祉法第29条,required,docs/company/licenses/records/,,営業開始前必須
COND-FEE-BASED-HOME-ELDERLY-OBTAIN-02,pt-fee-based-home-elderly,obtain,申請書類・添付書類の整備,老人福祉法第29条,required,docs/company/licenses/records/,,定款・登記事項・図面等（種別による）
COND-FEE-BASED-HOME-ELDERLY-OBTAIN-03,pt-fee-based-home-elderly,obtain,人的・物的要件の充足確認,老人福祉法第29条,required,docs/company/licenses/records/,,責任者配置・設備・保証金等
COND-DRIVING-SCHOOL-OBTAIN-01,pt-driving-school,obtain,指定自動車教習所指定の申請・取得,道路交通法第99条,required,docs/company/licenses/records/,,営業開始前必須
COND-DRIVING-SCHOOL-OBTAIN-02,pt-driving-school,obtain,申請書類・添付書類の整備,道路交通法第99条,required,docs/company/licenses/records/,,定款・登記事項・図面等（種別による）
COND-DRIVING-SCHOOL-OBTAIN-03,pt-driving-school,obtain,人的・物的要件の充足確認,道路交通法第99条,required,docs/company/licenses/records/,,責任者配置・設備・保証金等
COND-CRAM-SCHOOL-FIRE-OBTAIN-01,pt-cram-school-fire,obtain,学習塾等の防火対象物届出の申請・取得,消防法,required,docs/company/licenses/records/,,営業開始前必須
COND-CRAM-SCHOOL-FIRE-OBTAIN-02,pt-cram-school-fire,obtain,申請書類・添付書類の整備,消防法,required,docs/company/licenses/records/,,定款・登記事項・図面等（種別による）
COND-CRAM-SCHOOL-FIRE-OBTAIN-03,pt-cram-school-fire,obtain,人的・物的要件の充足確認,消防法,required,docs/company/licenses/records/,,責任者配置・設備・保証金等
COND-FOOD-PROCESSING-ADDITIVE-OBTAIN-01,pt-food-processing-additive,obtain,添加物製造業許可の申請・取得,食品衛生法第28条,required,docs/company/licenses/records/,,営業開始前必須
COND-FOOD-PROCESSING-ADDITIVE-OBTAIN-02,pt-food-processing-additive,obtain,申請書類・添付書類の整備,食品衛生法第28条,required,docs/company/licenses/records/,,定款・登記事項・図面等（種別による）
COND-FOOD-PROCESSING-ADDITIVE-OBTAIN-03,pt-food-processing-additive,obtain,人的・物的要件の充足確認,食品衛生法第28条,required,docs/company/licenses/records/,,責任者配置・設備・保証金等
COND-MEAT-PROCESSING-OBTAIN-01,pt-meat-processing,obtain,食肉製品製造業許可の申請・取得,食品衛生法第28条,required,docs/company/licenses/records/,,営業開始前必須
COND-MEAT-PROCESSING-OBTAIN-02,pt-meat-processing,obtain,申請書類・添付書類の整備,食品衛生法第28条,required,docs/company/licenses/records/,,定款・登記事項・図面等（種別による）
COND-MEAT-PROCESSING-OBTAIN-03,pt-meat-processing,obtain,人的・物的要件の充足確認,食品衛生法第28条,required,docs/company/licenses/records/,,責任者配置・設備・保証金等
COND-CONFECTIONERY-OBTAIN-01,pt-confectionery,obtain,菓子製造業許可の申請・取得,食品衛生法第28条,required,docs/company/licenses/records/,,営業開始前必須
COND-CONFECTIONERY-OBTAIN-02,pt-confectionery,obtain,申請書類・添付書類の整備,食品衛生法第28条,required,docs/company/licenses/records/,,定款・登記事項・図面等（種別による）
COND-CONFECTIONERY-OBTAIN-03,pt-confectionery,obtain,人的・物的要件の充足確認,食品衛生法第28条,required,docs/company/licenses/records/,,責任者配置・設備・保証金等
COND-FOOD-IMPORT-NOTIFICATION-OBTAIN-01,pt-food-import-notification,obtain,食品等輸入届出の申請・取得,食品衛生法第27条,required,docs/company/licenses/records/,,営業開始前必須
COND-FOOD-IMPORT-NOTIFICATION-OBTAIN-02,pt-food-import-notification,obtain,申請書類・添付書類の整備,食品衛生法第27条,required,docs/company/licenses/records/,,定款・登記事項・図面等（種別による）
COND-FOOD-IMPORT-NOTIFICATION-OBTAIN-03,pt-food-import-notification,obtain,人的・物的要件の充足確認,食品衛生法第27条,required,docs/company/licenses/records/,,責任者配置・設備・保証金等
COND-MAHJONG-OBTAIN-01,pt-mahjong,obtain,風俗営業第4号（マージャン等）の申請・取得,風俗営業法第2条,required,docs/company/licenses/records/,,営業開始前必須
COND-MAHJONG-OBTAIN-02,pt-mahjong,obtain,申請書類・添付書類の整備,風俗営業法第2条,required,docs/company/licenses/records/,,定款・登記事項・図面等（種別による）
COND-MAHJONG-OBTAIN-03,pt-mahjong,obtain,人的・物的要件の充足確認,風俗営業法第2条,required,docs/company/licenses/records/,,責任者配置・設備・保証金等
COND-GAME-CENTER-OBTAIN-01,pt-game-center,obtain,風俗営業第5号（ゲームセンター等）の申請・取得,風俗営業法第2条,required,docs/company/licenses/records/,,営業開始前必須
COND-GAME-CENTER-OBTAIN-02,pt-game-center,obtain,申請書類・添付書類の整備,風俗営業法第2条,required,docs/company/licenses/records/,,定款・登記事項・図面等（種別による）
COND-GAME-CENTER-OBTAIN-03,pt-game-center,obtain,人的・物的要件の充足確認,風俗営業法第2条,required,docs/company/licenses/records/,,責任者配置・設備・保証金等
COND-LATE-NIGHT-RESTAURANT-OBTAIN-01,pt-late-night-restaurant,obtain,深夜酒類提供飲食店営業届出の申請・取得,風俗営業法第33条,required,docs/company/licenses/records/,,営業開始前必須
COND-LATE-NIGHT-RESTAURANT-OBTAIN-02,pt-late-night-restaurant,obtain,申請書類・添付書類の整備,風俗営業法第33条,required,docs/company/licenses/records/,,定款・登記事項・図面等（種別による）
COND-LATE-NIGHT-RESTAURANT-OBTAIN-03,pt-late-night-restaurant,obtain,人的・物的要件の充足確認,風俗営業法第33条,required,docs/company/licenses/records/,,責任者配置・設備・保証金等
COND-RADIO-STATION-OBTAIN-01,pt-radio-station,obtain,無線局免許の申請・取得,電波法第4条,required,docs/company/licenses/records/,,営業開始前必須
COND-RADIO-STATION-OBTAIN-02,pt-radio-station,obtain,申請書類・添付書類の整備,電波法第4条,required,docs/company/licenses/records/,,定款・登記事項・図面等（種別による）
COND-RADIO-STATION-OBTAIN-03,pt-radio-station,obtain,人的・物的要件の充足確認,電波法第4条,required,docs/company/licenses/records/,,責任者配置・設備・保証金等
COND-DOMAIN-MVNO-OBTAIN-01,pt-domain-mvno,obtain,電気通信事業者届出（MVNO等）の申請・取得,電気通信事業法第16条,required,docs/company/licenses/records/,,営業開始前必須
COND-DOMAIN-MVNO-OBTAIN-02,pt-domain-mvno,obtain,申請書類・添付書類の整備,電気通信事業法第16条,required,docs/company/licenses/records/,,定款・登記事項・図面等（種別による）
COND-DOMAIN-MVNO-OBTAIN-03,pt-domain-mvno,obtain,人的・物的要件の充足確認,電気通信事業法第16条,required,docs/company/licenses/records/,,責任者配置・設備・保証金等
COND-HEAT-SUPPLY-OBTAIN-01,pt-heat-supply,obtain,熱供給事業登録の申請・取得,熱供給事業法,required,docs/company/licenses/records/,,営業開始前必須
COND-HEAT-SUPPLY-OBTAIN-02,pt-heat-supply,obtain,申請書類・添付書類の整備,熱供給事業法,required,docs/company/licenses/records/,,定款・登記事項・図面等（種別による）
COND-HEAT-SUPPLY-OBTAIN-03,pt-heat-supply,obtain,人的・物的要件の充足確認,熱供給事業法,required,docs/company/licenses/records/,,責任者配置・設備・保証金等
COND-PETROLEUM-RETAIL-OBTAIN-01,pt-petroleum-retail,obtain,揮発油販売業登録の申請・取得,揮発油等の品質の確保等に関する法律第3条,required,docs/company/licenses/records/,,営業開始前必須
COND-PETROLEUM-RETAIL-OBTAIN-02,pt-petroleum-retail,obtain,申請書類・添付書類の整備,揮発油等の品質の確保等に関する法律第3条,required,docs/company/licenses/records/,,定款・登記事項・図面等（種別による）
COND-PETROLEUM-RETAIL-OBTAIN-03,pt-petroleum-retail,obtain,人的・物的要件の充足確認,揮発油等の品質の確保等に関する法律第3条,required,docs/company/licenses/records/,,責任者配置・設備・保証金等
COND-PCB-WASTE-OBTAIN-01,pt-pcb-waste,obtain,PCB廃棄物処理業許可の申請・取得,PCB特措法,required,docs/company/licenses/records/,,営業開始前必須
COND-PCB-WASTE-OBTAIN-02,pt-pcb-waste,obtain,申請書類・添付書類の整備,PCB特措法,required,docs/company/licenses/records/,,定款・登記事項・図面等（種別による）
COND-PCB-WASTE-OBTAIN-03,pt-pcb-waste,obtain,人的・物的要件の充足確認,PCB特措法,required,docs/company/licenses/records/,,責任者配置・設備・保証金等
COND-INDUSTRIAL-WASTE-COLLECTION-SPECIAL-OBTAIN-01,pt-industrial-waste-collection-special,obtain,特別管理産業廃棄物収集運搬業許可の申請・取得,廃棄物の処理及び清掃に関する法律第14条の4,required,docs/company/licenses/records/,,営業開始前必須
COND-INDUSTRIAL-WASTE-COLLECTION-SPECIAL-OBTAIN-02,pt-industrial-waste-collection-special,obtain,申請書類・添付書類の整備,廃棄物の処理及び清掃に関する法律第14条の4,required,docs/company/licenses/records/,,定款・登記事項・図面等（種別による）
COND-INDUSTRIAL-WASTE-COLLECTION-SPECIAL-OBTAIN-03,pt-industrial-waste-collection-special,obtain,人的・物的要件の充足確認,廃棄物の処理及び清掃に関する法律第14条の4,required,docs/company/licenses/records/,,責任者配置・設備・保証金等
COND-DETECTIVE-OBTAIN-01,pt-detective,obtain,探偵業届出の申請・取得,探偵業の業務の適正化に関する法律第4条,required,docs/company/licenses/records/,,営業開始前必須
COND-DETECTIVE-OBTAIN-02,pt-detective,obtain,申請書類・添付書類の整備,探偵業の業務の適正化に関する法律第4条,required,docs/company/licenses/records/,,定款・登記事項・図面等（種別による）
COND-DETECTIVE-OBTAIN-03,pt-detective,obtain,人的・物的要件の充足確認,探偵業の業務の適正化に関する法律第4条,required,docs/company/licenses/records/,,責任者配置・設備・保証金等
COND-FIREARMS-OBTAIN-01,pt-firearms,obtain,銃砲刀剣類所持許可（事業者）の申請・取得,銃砲刀剣類所持等取締法,required,docs/company/licenses/records/,,営業開始前必須
COND-FIREARMS-OBTAIN-02,pt-firearms,obtain,申請書類・添付書類の整備,銃砲刀剣類所持等取締法,required,docs/company/licenses/records/,,定款・登記事項・図面等（種別による）
COND-FIREARMS-OBTAIN-03,pt-firearms,obtain,人的・物的要件の充足確認,銃砲刀剣類所持等取締法,required,docs/company/licenses/records/,,責任者配置・設備・保証金等
COND-IMMIGRATION-SUPPORT-OBTAIN-01,pt-immigration-support,obtain,登録支援機関の登録の申請・取得,出入国管理及び難民認定法,required,docs/company/licenses/records/,,営業開始前必須
COND-IMMIGRATION-SUPPORT-OBTAIN-02,pt-immigration-support,obtain,申請書類・添付書類の整備,出入国管理及び難民認定法,required,docs/company/licenses/records/,,定款・登記事項・図面等（種別による）
COND-IMMIGRATION-SUPPORT-OBTAIN-03,pt-immigration-support,obtain,人的・物的要件の充足確認,出入国管理及び難民認定法,required,docs/company/licenses/records/,,責任者配置・設備・保証金等
COND-SPECIFIED-SKILLED-WORKER-ORG-OBTAIN-01,pt-specified-skilled-worker-org,obtain,特定技能所属機関届出の申請・取得,出入国管理及び難民認定法,required,docs/company/licenses/records/,,営業開始前必須
COND-SPECIFIED-SKILLED-WORKER-ORG-OBTAIN-02,pt-specified-skilled-worker-org,obtain,申請書類・添付書類の整備,出入国管理及び難民認定法,required,docs/company/licenses/records/,,定款・登記事項・図面等（種別による）
COND-SPECIFIED-SKILLED-WORKER-ORG-OBTAIN-03,pt-specified-skilled-worker-org,obtain,人的・物的要件の充足確認,出入国管理及び難民認定法,required,docs/company/licenses/records/,,責任者配置・設備・保証金等
COND-CERTIFIED-PUBLIC-ACCOUNTANT-FIRM-OBTAIN-01,pt-certified-public-accountant-firm,obtain,監査法人登録の申請・取得,公認会計士法,required,docs/company/licenses/records/,,営業開始前必須
COND-CERTIFIED-PUBLIC-ACCOUNTANT-FIRM-OBTAIN-02,pt-certified-public-accountant-firm,obtain,申請書類・添付書類の整備,公認会計士法,required,docs/company/licenses/records/,,定款・登記事項・図面等（種別による）
COND-CERTIFIED-PUBLIC-ACCOUNTANT-FIRM-OBTAIN-03,pt-certified-public-accountant-firm,obtain,人的・物的要件の充足確認,公認会計士法,required,docs/company/licenses/records/,,責任者配置・設備・保証金等
COND-JUDICIAL-SCRIVENER-OFFICE-OBTAIN-01,pt-judicial-scrivener-office,obtain,司法書士法人設立認可等の申請・取得,司法書士法,required,docs/company/licenses/records/,,営業開始前必須
COND-JUDICIAL-SCRIVENER-OFFICE-OBTAIN-02,pt-judicial-scrivener-office,obtain,申請書類・添付書類の整備,司法書士法,required,docs/company/licenses/records/,,定款・登記事項・図面等（種別による）
COND-JUDICIAL-SCRIVENER-OFFICE-OBTAIN-03,pt-judicial-scrivener-office,obtain,人的・物的要件の充足確認,司法書士法,required,docs/company/licenses/records/,,責任者配置・設備・保証金等
COND-ADMINISTRATIVE-SCRIVENER-OFFICE-OBTAIN-01,pt-administrative-scrivener-office,obtain,行政書士法人設立認可等の申請・取得,行政書士法,required,docs/company/licenses/records/,,営業開始前必須
COND-ADMINISTRATIVE-SCRIVENER-OFFICE-OBTAIN-02,pt-administrative-scrivener-office,obtain,申請書類・添付書類の整備,行政書士法,required,docs/company/licenses/records/,,定款・登記事項・図面等（種別による）
COND-ADMINISTRATIVE-SCRIVENER-OFFICE-OBTAIN-03,pt-administrative-scrivener-office,obtain,人的・物的要件の充足確認,行政書士法,required,docs/company/licenses/records/,,責任者配置・設備・保証金等
COND-SOCIAL-INSURANCE-LABOR-CONSULTANT-OFFICE-OBTAIN-01,pt-social-insurance-labor-consultant-office,obtain,社会保険労務士法人設立認可等の申請・取得,社会保険労務士法,required,docs/company/licenses/records/,,営業開始前必須
COND-SOCIAL-INSURANCE-LABOR-CONSULTANT-OFFICE-OBTAIN-02,pt-social-insurance-labor-consultant-office,obtain,申請書類・添付書類の整備,社会保険労務士法,required,docs/company/licenses/records/,,定款・登記事項・図面等（種別による）
COND-SOCIAL-INSURANCE-LABOR-CONSULTANT-OFFICE-OBTAIN-03,pt-social-insurance-labor-consultant-office,obtain,人的・物的要件の充足確認,社会保険労務士法,required,docs/company/licenses/records/,,責任者配置・設備・保証金等
COND-PATENT-ATTORNEY-OFFICE-OBTAIN-01,pt-patent-attorney-office,obtain,弁理士法人設立認可等の申請・取得,弁理士法,required,docs/company/licenses/records/,,営業開始前必須
COND-PATENT-ATTORNEY-OFFICE-OBTAIN-02,pt-patent-attorney-office,obtain,申請書類・添付書類の整備,弁理士法,required,docs/company/licenses/records/,,定款・登記事項・図面等（種別による）
COND-PATENT-ATTORNEY-OFFICE-OBTAIN-03,pt-patent-attorney-office,obtain,人的・物的要件の充足確認,弁理士法,required,docs/company/licenses/records/,,責任者配置・設備・保証金等
COND-TAX-ACCOUNTANT-OFFICE-OBTAIN-01,pt-tax-accountant-office,obtain,税理士法人設立認可等の申請・取得,税理士法,required,docs/company/licenses/records/,,営業開始前必須
COND-TAX-ACCOUNTANT-OFFICE-OBTAIN-02,pt-tax-accountant-office,obtain,申請書類・添付書類の整備,税理士法,required,docs/company/licenses/records/,,定款・登記事項・図面等（種別による）
COND-TAX-ACCOUNTANT-OFFICE-OBTAIN-03,pt-tax-accountant-office,obtain,人的・物的要件の充足確認,税理士法,required,docs/company/licenses/records/,,責任者配置・設備・保証金等
COND-RYOKAN-HOTEL-OBTAIN-01,pt-ryokan-hotel,obtain,旅館業（ホテル業）の申請・取得,旅館業法第4条,required,docs/company/licenses/records/,,営業開始前必須
COND-RYOKAN-HOTEL-OBTAIN-02,pt-ryokan-hotel,obtain,申請書類・添付書類の整備,旅館業法第4条,required,docs/company/licenses/records/,,種別ごとの添付書類
COND-RYOKAN-HOTEL-OBTAIN-03,pt-ryokan-hotel,obtain,人的・物的要件の充足確認,旅館業法第4条,required,docs/company/licenses/records/,,責任者・設備・保証金等
COND-RYOKAN-RYOKAN-OBTAIN-01,pt-ryokan-ryokan,obtain,旅館業（旅館）の申請・取得,旅館業法第4条,required,docs/company/licenses/records/,,営業開始前必須
COND-RYOKAN-RYOKAN-OBTAIN-02,pt-ryokan-ryokan,obtain,申請書類・添付書類の整備,旅館業法第4条,required,docs/company/licenses/records/,,種別ごとの添付書類
COND-RYOKAN-RYOKAN-OBTAIN-03,pt-ryokan-ryokan,obtain,人的・物的要件の充足確認,旅館業法第4条,required,docs/company/licenses/records/,,責任者・設備・保証金等
COND-RYOKAN-GESHUKU-OBTAIN-01,pt-ryokan-geshuku,obtain,旅館業（下宿営業）の申請・取得,旅館業法第4条,required,docs/company/licenses/records/,,営業開始前必須
COND-RYOKAN-GESHUKU-OBTAIN-02,pt-ryokan-geshuku,obtain,申請書類・添付書類の整備,旅館業法第4条,required,docs/company/licenses/records/,,種別ごとの添付書類
COND-RYOKAN-GESHUKU-OBTAIN-03,pt-ryokan-geshuku,obtain,人的・物的要件の充足確認,旅館業法第4条,required,docs/company/licenses/records/,,責任者・設備・保証金等
COND-MINPAKU-NOTIFICATION-OBTAIN-01,pt-minpaku-notification,obtain,住宅宿泊事業届出（民泊）の申請・取得,住宅宿泊事業法第5条,required,docs/company/licenses/records/,,営業開始前必須
COND-MINPAKU-NOTIFICATION-OBTAIN-02,pt-minpaku-notification,obtain,申請書類・添付書類の整備,住宅宿泊事業法第5条,required,docs/company/licenses/records/,,種別ごとの添付書類
COND-MINPAKU-NOTIFICATION-OBTAIN-03,pt-minpaku-notification,obtain,人的・物的要件の充足確認,住宅宿泊事業法第5条,required,docs/company/licenses/records/,,責任者・設備・保証金等
COND-FIRE-INSPECT-OBTAIN-01,pt-fire-inspect,obtain,消防用設備等検査（定期）の申請・取得,消防法第17条の4,required,docs/company/licenses/records/,,営業開始前必須
COND-FIRE-INSPECT-OBTAIN-02,pt-fire-inspect,obtain,申請書類・添付書類の整備,消防法第17条の4,required,docs/company/licenses/records/,,種別ごとの添付書類
COND-FIRE-INSPECT-OBTAIN-03,pt-fire-inspect,obtain,人的・物的要件の充足確認,消防法第17条の4,required,docs/company/licenses/records/,,責任者・設備・保証金等
COND-BUILDING-CONFIRM-OBTAIN-01,pt-building-confirm,obtain,建築確認済証の申請・取得,建築基準法第6条,required,docs/company/licenses/records/,,営業開始前必須
COND-BUILDING-CONFIRM-OBTAIN-02,pt-building-confirm,obtain,申請書類・添付書類の整備,建築基準法第6条,required,docs/company/licenses/records/,,種別ごとの添付書類
COND-BUILDING-CONFIRM-OBTAIN-03,pt-building-confirm,obtain,人的・物的要件の充足確認,建築基準法第6条,required,docs/company/licenses/records/,,責任者・設備・保証金等
COND-BUILDING-COMPLETE-OBTAIN-01,pt-building-complete,obtain,検査済証（完了検査）の申請・取得,建築基準法第7条,required,docs/company/licenses/records/,,営業開始前必須
COND-BUILDING-COMPLETE-OBTAIN-02,pt-building-complete,obtain,申請書類・添付書類の整備,建築基準法第7条,required,docs/company/licenses/records/,,種別ごとの添付書類
COND-BUILDING-COMPLETE-OBTAIN-03,pt-building-complete,obtain,人的・物的要件の充足確認,建築基準法第7条,required,docs/company/licenses/records/,,責任者・設備・保証金等
COND-BUILDING-USE-CHANGE-OBTAIN-01,pt-building-use-change,obtain,用途変更確認・届出の申請・取得,建築基準法第6条・第87条,required,docs/company/licenses/records/,,営業開始前必須
COND-BUILDING-USE-CHANGE-OBTAIN-02,pt-building-use-change,obtain,申請書類・添付書類の整備,建築基準法第6条・第87条,required,docs/company/licenses/records/,,種別ごとの添付書類
COND-BUILDING-USE-CHANGE-OBTAIN-03,pt-building-use-change,obtain,人的・物的要件の充足確認,建築基準法第6条・第87条,required,docs/company/licenses/records/,,責任者・設備・保証金等
COND-ALCOHOL-SALES-OBTAIN-01,pt-alcohol-sales,obtain,酒類販売業免許の申請・取得,酒税法第7条,required,docs/company/licenses/records/,,営業開始前必須
COND-ALCOHOL-SALES-OBTAIN-02,pt-alcohol-sales,obtain,申請書類・添付書類の整備,酒税法第7条,required,docs/company/licenses/records/,,種別ごとの添付書類
COND-ALCOHOL-SALES-OBTAIN-03,pt-alcohol-sales,obtain,人的・物的要件の充足確認,酒税法第7条,required,docs/company/licenses/records/,,責任者・設備・保証金等
COND-ALCOHOL-RESTAURANT-OBTAIN-01,pt-alcohol-restaurant,obtain,酒類飲食店営業免許の申請・取得,酒税法第7条,required,docs/company/licenses/records/,,営業開始前必須
COND-ALCOHOL-RESTAURANT-OBTAIN-02,pt-alcohol-restaurant,obtain,申請書類・添付書類の整備,酒税法第7条,required,docs/company/licenses/records/,,種別ごとの添付書類
COND-ALCOHOL-RESTAURANT-OBTAIN-03,pt-alcohol-restaurant,obtain,人的・物的要件の充足確認,酒税法第7条,required,docs/company/licenses/records/,,責任者・設備・保証金等
COND-FOOD-MANUFACTURING-OBTAIN-01,pt-food-manufacturing,obtain,食品製造業許可の申請・取得,食品衛生法第28条,required,docs/company/licenses/records/,,営業開始前必須
COND-FOOD-MANUFACTURING-OBTAIN-02,pt-food-manufacturing,obtain,申請書類・添付書類の整備,食品衛生法第28条,required,docs/company/licenses/records/,,種別ごとの添付書類
COND-FOOD-MANUFACTURING-OBTAIN-03,pt-food-manufacturing,obtain,人的・物的要件の充足確認,食品衛生法第28条,required,docs/company/licenses/records/,,責任者・設備・保証金等
COND-RENTAL-HOUSING-MGMT-OBTAIN-01,pt-rental-housing-mgmt,obtain,賃貸住宅管理業者登録の申請・取得,賃貸住宅の管理業務等の適正化に関する法律第6条,required,docs/company/licenses/records/,,営業開始前必須
COND-RENTAL-HOUSING-MGMT-OBTAIN-02,pt-rental-housing-mgmt,obtain,申請書類・添付書類の整備,賃貸住宅の管理業務等の適正化に関する法律第6条,required,docs/company/licenses/records/,,種別ごとの添付書類
COND-RENTAL-HOUSING-MGMT-OBTAIN-03,pt-rental-housing-mgmt,obtain,人的・物的要件の充足確認,賃貸住宅の管理業務等の適正化に関する法律第6条,required,docs/company/licenses/records/,,責任者・設備・保証金等
COND-CONDO-MGMT-OBTAIN-01,pt-condo-mgmt,obtain,マンション管理業者登録の申請・取得,マンション管理適正化法第6条,required,docs/company/licenses/records/,,営業開始前必須
COND-CONDO-MGMT-OBTAIN-02,pt-condo-mgmt,obtain,申請書類・添付書類の整備,マンション管理適正化法第6条,required,docs/company/licenses/records/,,種別ごとの添付書類
COND-CONDO-MGMT-OBTAIN-03,pt-condo-mgmt,obtain,人的・物的要件の充足確認,マンション管理適正化法第6条,required,docs/company/licenses/records/,,責任者・設備・保証金等
COND-CONSTRUCTION-GENERAL-OBTAIN-01,pt-construction-general,obtain,建設業許可（一般建設業）の申請・取得,建設業法第3条,required,docs/company/licenses/records/,,営業開始前必須
COND-CONSTRUCTION-GENERAL-OBTAIN-02,pt-construction-general,obtain,申請書類・添付書類の整備,建設業法第3条,required,docs/company/licenses/records/,,種別ごとの添付書類
COND-CONSTRUCTION-GENERAL-OBTAIN-03,pt-construction-general,obtain,人的・物的要件の充足確認,建設業法第3条,required,docs/company/licenses/records/,,責任者・設備・保証金等
COND-CONSTRUCTION-SPECIFIC-OBTAIN-01,pt-construction-specific,obtain,建設業許可（特定建設業）の申請・取得,建設業法第3条,required,docs/company/licenses/records/,,営業開始前必須
COND-CONSTRUCTION-SPECIFIC-OBTAIN-02,pt-construction-specific,obtain,申請書類・添付書類の整備,建設業法第3条,required,docs/company/licenses/records/,,種別ごとの添付書類
COND-CONSTRUCTION-SPECIFIC-OBTAIN-03,pt-construction-specific,obtain,人的・物的要件の充足確認,建設業法第3条,required,docs/company/licenses/records/,,責任者・設備・保証金等
COND-ARCHITECT-OFFICE-OBTAIN-01,pt-architect-office,obtain,建築士事務所登録の申請・取得,建築士法第20条の2,required,docs/company/licenses/records/,,営業開始前必須
COND-ARCHITECT-OFFICE-OBTAIN-02,pt-architect-office,obtain,申請書類・添付書類の整備,建築士法第20条の2,required,docs/company/licenses/records/,,種別ごとの添付書類
COND-ARCHITECT-OFFICE-OBTAIN-03,pt-architect-office,obtain,人的・物的要件の充足確認,建築士法第20条の2,required,docs/company/licenses/records/,,責任者・設備・保証金等
COND-FREIGHT-FORWARDING-OBTAIN-01,pt-freight-forwarding,obtain,一般貨物自動車運送事業許可の申請・取得,貨物自動車運送事業法第4条,required,docs/company/licenses/records/,,営業開始前必須
COND-FREIGHT-FORWARDING-OBTAIN-02,pt-freight-forwarding,obtain,申請書類・添付書類の整備,貨物自動車運送事業法第4条,required,docs/company/licenses/records/,,種別ごとの添付書類
COND-FREIGHT-FORWARDING-OBTAIN-03,pt-freight-forwarding,obtain,人的・物的要件の充足確認,貨物自動車運送事業法第4条,required,docs/company/licenses/records/,,責任者・設備・保証金等
COND-BUS-COMMON-OBTAIN-01,pt-bus-common,obtain,一般乗合旅客自動車運送事業許可の申請・取得,道路運送法第4条,required,docs/company/licenses/records/,,営業開始前必須
COND-BUS-COMMON-OBTAIN-02,pt-bus-common,obtain,申請書類・添付書類の整備,道路運送法第4条,required,docs/company/licenses/records/,,種別ごとの添付書類
COND-BUS-COMMON-OBTAIN-03,pt-bus-common,obtain,人的・物的要件の充足確認,道路運送法第4条,required,docs/company/licenses/records/,,責任者・設備・保証金等
COND-TAXI-OBTAIN-01,pt-taxi,obtain,一般乗用旅客自動車運送事業許可の申請・取得,道路運送法第4条,required,docs/company/licenses/records/,,営業開始前必須
COND-TAXI-OBTAIN-02,pt-taxi,obtain,申請書類・添付書類の整備,道路運送法第4条,required,docs/company/licenses/records/,,種別ごとの添付書類
COND-TAXI-OBTAIN-03,pt-taxi,obtain,人的・物的要件の充足確認,道路運送法第4条,required,docs/company/licenses/records/,,責任者・設備・保証金等
COND-MEDICAL-DEVICE-DIST-OBTAIN-01,pt-medical-device-dist,obtain,医療機器販売業許可の申請・取得,薬機法第13条,required,docs/company/licenses/records/,,営業開始前必須
COND-MEDICAL-DEVICE-DIST-OBTAIN-02,pt-medical-device-dist,obtain,申請書類・添付書類の整備,薬機法第13条,required,docs/company/licenses/records/,,種別ごとの添付書類
COND-MEDICAL-DEVICE-DIST-OBTAIN-03,pt-medical-device-dist,obtain,人的・物的要件の充足確認,薬機法第13条,required,docs/company/licenses/records/,,責任者・設備・保証金等
COND-MEDICAL-DEVICE-REPAIR-OBTAIN-01,pt-medical-device-repair,obtain,医療機器修理業許可の申請・取得,薬機法第14条,required,docs/company/licenses/records/,,営業開始前必須
COND-MEDICAL-DEVICE-REPAIR-OBTAIN-02,pt-medical-device-repair,obtain,申請書類・添付書類の整備,薬機法第14条,required,docs/company/licenses/records/,,種別ごとの添付書類
COND-MEDICAL-DEVICE-REPAIR-OBTAIN-03,pt-medical-device-repair,obtain,人的・物的要件の充足確認,薬機法第14条,required,docs/company/licenses/records/,,責任者・設備・保証金等
COND-CLINIC-OBTAIN-01,pt-clinic,obtain,診療所開設許可の申請・取得,医療法第19条,required,docs/company/licenses/records/,,営業開始前必須
COND-CLINIC-OBTAIN-02,pt-clinic,obtain,申請書類・添付書類の整備,医療法第19条,required,docs/company/licenses/records/,,種別ごとの添付書類
COND-CLINIC-OBTAIN-03,pt-clinic,obtain,人的・物的要件の充足確認,医療法第19条,required,docs/company/licenses/records/,,責任者・設備・保証金等
COND-HOSPITAL-OBTAIN-01,pt-hospital,obtain,病院開設許可の申請・取得,医療法第19条,required,docs/company/licenses/records/,,営業開始前必須
COND-HOSPITAL-OBTAIN-02,pt-hospital,obtain,申請書類・添付書類の整備,医療法第19条,required,docs/company/licenses/records/,,種別ごとの添付書類
COND-HOSPITAL-OBTAIN-03,pt-hospital,obtain,人的・物的要件の充足確認,医療法第19条,required,docs/company/licenses/records/,,責任者・設備・保証金等
COND-PHARMACY-OBTAIN-01,pt-pharmacy,obtain,薬局開設許可の申請・取得,薬局構造設備規則,required,docs/company/licenses/records/,,営業開始前必須
COND-PHARMACY-OBTAIN-02,pt-pharmacy,obtain,申請書類・添付書類の整備,薬局構造設備規則,required,docs/company/licenses/records/,,種別ごとの添付書類
COND-PHARMACY-OBTAIN-03,pt-pharmacy,obtain,人的・物的要件の充足確認,薬局構造設備規則,required,docs/company/licenses/records/,,責任者・設備・保証金等
COND-DENTAL-OBTAIN-01,pt-dental,obtain,歯科診療所開設届出の申請・取得,医療法第19条,required,docs/company/licenses/records/,,営業開始前必須
COND-DENTAL-OBTAIN-02,pt-dental,obtain,申請書類・添付書類の整備,医療法第19条,required,docs/company/licenses/records/,,種別ごとの添付書類
COND-DENTAL-OBTAIN-03,pt-dental,obtain,人的・物的要件の充足確認,医療法第19条,required,docs/company/licenses/records/,,責任者・設備・保証金等
COND-MONEY-LENDING-OBTAIN-01,pt-money-lending,obtain,貸金業登録の申請・取得,貸金業法第4条,required,docs/company/licenses/records/,,営業開始前必須
COND-MONEY-LENDING-OBTAIN-02,pt-money-lending,obtain,申請書類・添付書類の整備,貸金業法第4条,required,docs/company/licenses/records/,,種別ごとの添付書類
COND-MONEY-LENDING-OBTAIN-03,pt-money-lending,obtain,人的・物的要件の充足確認,貸金業法第4条,required,docs/company/licenses/records/,,責任者・設備・保証金等
COND-FUND-TRANSFER-OBTAIN-01,pt-fund-transfer,obtain,資金移動業者登録の申請・取得,資金決済に関する法律第37条,required,docs/company/licenses/records/,,営業開始前必須
COND-FUND-TRANSFER-OBTAIN-02,pt-fund-transfer,obtain,申請書類・添付書類の整備,資金決済に関する法律第37条,required,docs/company/licenses/records/,,種別ごとの添付書類
COND-FUND-TRANSFER-OBTAIN-03,pt-fund-transfer,obtain,人的・物的要件の充足確認,資金決済に関する法律第37条,required,docs/company/licenses/records/,,責任者・設備・保証金等
COND-CRYPTO-EXCHANGE-OBTAIN-01,pt-crypto-exchange,obtain,暗号資産交換業登録の申請・取得,資金決済に関する法律第63条,required,docs/company/licenses/records/,,営業開始前必須
COND-CRYPTO-EXCHANGE-OBTAIN-02,pt-crypto-exchange,obtain,申請書類・添付書類の整備,資金決済に関する法律第63条,required,docs/company/licenses/records/,,種別ごとの添付書類
COND-CRYPTO-EXCHANGE-OBTAIN-03,pt-crypto-exchange,obtain,人的・物的要件の充足確認,資金決済に関する法律第63条,required,docs/company/licenses/records/,,責任者・設備・保証金等
COND-STAFFING-OBTAIN-01,pt-staffing,obtain,労働者派遣事業許可の申請・取得,労働者派遣事業の適正な運営の確保及び派遣労働者の保護等に関する法律第5条,required,docs/company/licenses/records/,,営業開始前必須
COND-STAFFING-OBTAIN-02,pt-staffing,obtain,申請書類・添付書類の整備,労働者派遣事業の適正な運営の確保及び派遣労働者の保護等に関する法律第5条,required,docs/company/licenses/records/,,種別ごとの添付書類
COND-STAFFING-OBTAIN-03,pt-staffing,obtain,人的・物的要件の充足確認,労働者派遣事業の適正な運営の確保及び派遣労働者の保護等に関する法律第5条,required,docs/company/licenses/records/,,責任者・設備・保証金等
COND-JOB-INTRO-FREE-OBTAIN-01,pt-job-intro-free,obtain,無料職業紹介事業届出の申請・取得,職業安定法第32条の11,required,docs/company/licenses/records/,,営業開始前必須
COND-JOB-INTRO-FREE-OBTAIN-02,pt-job-intro-free,obtain,申請書類・添付書類の整備,職業安定法第32条の11,required,docs/company/licenses/records/,,種別ごとの添付書類
COND-JOB-INTRO-FREE-OBTAIN-03,pt-job-intro-free,obtain,人的・物的要件の充足確認,職業安定法第32条の11,required,docs/company/licenses/records/,,責任者・設備・保証金等
COND-WASTE-COLLECT-OBTAIN-01,pt-waste-collect,obtain,産業廃棄物収集運搬業許可の申請・取得,廃棄物の処理及び清掃に関する法律第7条,required,docs/company/licenses/records/,,営業開始前必須
COND-WASTE-COLLECT-OBTAIN-02,pt-waste-collect,obtain,申請書類・添付書類の整備,廃棄物の処理及び清掃に関する法律第7条,required,docs/company/licenses/records/,,種別ごとの添付書類
COND-WASTE-COLLECT-OBTAIN-03,pt-waste-collect,obtain,人的・物的要件の充足確認,廃棄物の処理及び清掃に関する法律第7条,required,docs/company/licenses/records/,,責任者・設備・保証金等
COND-WASTE-DISPOSAL-OBTAIN-01,pt-waste-disposal,obtain,産業廃棄物処分業許可の申請・取得,廃棄物の処理及び清掃に関する法律第7条,required,docs/company/licenses/records/,,営業開始前必須
COND-WASTE-DISPOSAL-OBTAIN-02,pt-waste-disposal,obtain,申請書類・添付書類の整備,廃棄物の処理及び清掃に関する法律第7条,required,docs/company/licenses/records/,,種別ごとの添付書類
COND-WASTE-DISPOSAL-OBTAIN-03,pt-waste-disposal,obtain,人的・物的要件の充足確認,廃棄物の処理及び清掃に関する法律第7条,required,docs/company/licenses/records/,,責任者・設備・保証金等
COND-GENERAL-WASTE-OBTAIN-01,pt-general-waste,obtain,一般廃棄物収集運搬業許可の申請・取得,廃棄物の処理及び清掃に関する法律第7条,required,docs/company/licenses/records/,,営業開始前必須
COND-GENERAL-WASTE-OBTAIN-02,pt-general-waste,obtain,申請書類・添付書類の整備,廃棄物の処理及び清掃に関する法律第7条,required,docs/company/licenses/records/,,種別ごとの添付書類
COND-GENERAL-WASTE-OBTAIN-03,pt-general-waste,obtain,人的・物的要件の充足確認,廃棄物の処理及び清掃に関する法律第7条,required,docs/company/licenses/records/,,責任者・設備・保証金等
COND-SECURITY-OBTAIN-01,pt-security,obtain,警備業認定の申請・取得,警備業法第4条,required,docs/company/licenses/records/,,営業開始前必須
COND-SECURITY-OBTAIN-02,pt-security,obtain,申請書類・添付書類の整備,警備業法第4条,required,docs/company/licenses/records/,,種別ごとの添付書類
COND-SECURITY-OBTAIN-03,pt-security,obtain,人的・物的要件の充足確認,警備業法第4条,required,docs/company/licenses/records/,,責任者・設備・保証金等
COND-TELECOM-OBTAIN-01,pt-telecom,obtain,電気通信事業届出の申請・取得,電気通信事業法第9条,required,docs/company/licenses/records/,,営業開始前必須
COND-TELECOM-OBTAIN-02,pt-telecom,obtain,申請書類・添付書類の整備,電気通信事業法第9条,required,docs/company/licenses/records/,,種別ごとの添付書類
COND-TELECOM-OBTAIN-03,pt-telecom,obtain,人的・物的要件の充足確認,電気通信事業法第9条,required,docs/company/licenses/records/,,責任者・設備・保証金等
COND-TELECOM-REGISTRATION-OBTAIN-01,pt-telecom-registration,obtain,電気通信事業登録（基礎的電気通信役務）の申請・取得,電気通信事業法第9条の2,required,docs/company/licenses/records/,,営業開始前必須
COND-TELECOM-REGISTRATION-OBTAIN-02,pt-telecom-registration,obtain,申請書類・添付書類の整備,電気通信事業法第9条の2,required,docs/company/licenses/records/,,種別ごとの添付書類
COND-TELECOM-REGISTRATION-OBTAIN-03,pt-telecom-registration,obtain,人的・物的要件の充足確認,電気通信事業法第9条の2,required,docs/company/licenses/records/,,責任者・設備・保証金等
COND-BROADCAST-OBTAIN-01,pt-broadcast,obtain,基幹放送事業許可の申請・取得,放送法第21条,required,docs/company/licenses/records/,,営業開始前必須
COND-BROADCAST-OBTAIN-02,pt-broadcast,obtain,申請書類・添付書類の整備,放送法第21条,required,docs/company/licenses/records/,,種別ごとの添付書類
COND-BROADCAST-OBTAIN-03,pt-broadcast,obtain,人的・物的要件の充足確認,放送法第21条,required,docs/company/licenses/records/,,責任者・設備・保証金等
COND-IMPORT-DECLARATION-OBTAIN-01,pt-import-declaration,obtain,輸入申告（通関）の申請・取得,関税法第67条,required,docs/company/licenses/records/,,営業開始前必須
COND-IMPORT-DECLARATION-OBTAIN-02,pt-import-declaration,obtain,申請書類・添付書類の整備,関税法第67条,required,docs/company/licenses/records/,,種別ごとの添付書類
COND-IMPORT-DECLARATION-OBTAIN-03,pt-import-declaration,obtain,人的・物的要件の充足確認,関税法第67条,required,docs/company/licenses/records/,,責任者・設備・保証金等
COND-EXPORT-DECLARATION-OBTAIN-01,pt-export-declaration,obtain,輸出申告（通関）の申請・取得,関税法第70条,required,docs/company/licenses/records/,,営業開始前必須
COND-EXPORT-DECLARATION-OBTAIN-02,pt-export-declaration,obtain,申請書類・添付書類の整備,関税法第70条,required,docs/company/licenses/records/,,種別ごとの添付書類
COND-EXPORT-DECLARATION-OBTAIN-03,pt-export-declaration,obtain,人的・物的要件の充足確認,関税法第70条,required,docs/company/licenses/records/,,責任者・設備・保証金等
COND-FUEIHO-1-OBTAIN-01,pt-fueiho-1,obtain,風俗営業第1種（キャバレー・クラブ等）の申請・取得,風俗営業等の規制及び業務の適正化等に関する法律第4条,required,docs/company/licenses/records/,,営業開始前必須
COND-FUEIHO-1-OBTAIN-02,pt-fueiho-1,obtain,申請書類・添付書類の整備,風俗営業等の規制及び業務の適正化等に関する法律第4条,required,docs/company/licenses/records/,,種別ごとの添付書類
COND-FUEIHO-1-OBTAIN-03,pt-fueiho-1,obtain,人的・物的要件の充足確認,風俗営業等の規制及び業務の適正化等に関する法律第4条,required,docs/company/licenses/records/,,責任者・設備・保証金等
COND-FUEIHO-2-OBTAIN-01,pt-fueiho-2,obtain,風俗営業第2種（料理店等）の申請・取得,風俗営業等の規制及び業務の適正化等に関する法律第4条,required,docs/company/licenses/records/,,営業開始前必須
COND-FUEIHO-2-OBTAIN-02,pt-fueiho-2,obtain,申請書類・添付書類の整備,風俗営業等の規制及び業務の適正化等に関する法律第4条,required,docs/company/licenses/records/,,種別ごとの添付書類
COND-FUEIHO-2-OBTAIN-03,pt-fueiho-2,obtain,人的・物的要件の充足確認,風俗営業等の規制及び業務の適正化等に関する法律第4条,required,docs/company/licenses/records/,,責任者・設備・保証金等
COND-TOKUTEI-YUKYO-OBTAIN-01,pt-tokutei-yukyo,obtain,特定遊興飲食店営業許可の申請・取得,風俗営業法関連,required,docs/company/licenses/records/,,営業開始前必須
COND-TOKUTEI-YUKYO-OBTAIN-02,pt-tokutei-yukyo,obtain,申請書類・添付書類の整備,風俗営業法関連,required,docs/company/licenses/records/,,種別ごとの添付書類
COND-TOKUTEI-YUKYO-OBTAIN-03,pt-tokutei-yukyo,obtain,人的・物的要件の充足確認,風俗営業法関連,required,docs/company/licenses/records/,,責任者・設備・保証金等
COND-TOBACCO-RETAIL-OBTAIN-01,pt-tobacco-retail,obtain,たばこ小売販売業届出の申請・取得,たばこ事業法第14条,required,docs/company/licenses/records/,,営業開始前必須
COND-TOBACCO-RETAIL-OBTAIN-02,pt-tobacco-retail,obtain,申請書類・添付書類の整備,たばこ事業法第14条,required,docs/company/licenses/records/,,種別ごとの添付書類
COND-TOBACCO-RETAIL-OBTAIN-03,pt-tobacco-retail,obtain,人的・物的要件の充足確認,たばこ事業法第14条,required,docs/company/licenses/records/,,責任者・設備・保証金等
COND-HOME-CARE-OBTAIN-01,pt-home-care,obtain,訪問介護事業指定の申請・取得,介護保険法第71条,required,docs/company/licenses/records/,,営業開始前必須
COND-HOME-CARE-OBTAIN-02,pt-home-care,obtain,申請書類・添付書類の整備,介護保険法第71条,required,docs/company/licenses/records/,,種別ごとの添付書類
COND-HOME-CARE-OBTAIN-03,pt-home-care,obtain,人的・物的要件の充足確認,介護保険法第71条,required,docs/company/licenses/records/,,責任者・設備・保証金等
COND-DAY-SERVICE-OBTAIN-01,pt-day-service,obtain,通所介護事業指定の申請・取得,介護保険法第71条,required,docs/company/licenses/records/,,営業開始前必須
COND-DAY-SERVICE-OBTAIN-02,pt-day-service,obtain,申請書類・添付書類の整備,介護保険法第71条,required,docs/company/licenses/records/,,種別ごとの添付書類
COND-DAY-SERVICE-OBTAIN-03,pt-day-service,obtain,人的・物的要件の充足確認,介護保険法第71条,required,docs/company/licenses/records/,,責任者・設備・保証金等
COND-DISABILITY-SUPPORT-OBTAIN-01,pt-disability-support,obtain,障害福祉サービス事業所指定の申請・取得,障害者総合支援法第71条,required,docs/company/licenses/records/,,営業開始前必須
COND-DISABILITY-SUPPORT-OBTAIN-02,pt-disability-support,obtain,申請書類・添付書類の整備,障害者総合支援法第71条,required,docs/company/licenses/records/,,種別ごとの添付書類
COND-DISABILITY-SUPPORT-OBTAIN-03,pt-disability-support,obtain,人的・物的要件の充足確認,障害者総合支援法第71条,required,docs/company/licenses/records/,,責任者・設備・保証金等
COND-SENSHU-SCHOOL-OBTAIN-01,pt-senshu-school,obtain,専修学校設置認可の申請・取得,学校教育法第82条,required,docs/company/licenses/records/,,営業開始前必須
COND-SENSHU-SCHOOL-OBTAIN-02,pt-senshu-school,obtain,申請書類・添付書類の整備,学校教育法第82条,required,docs/company/licenses/records/,,種別ごとの添付書類
COND-SENSHU-SCHOOL-OBTAIN-03,pt-senshu-school,obtain,人的・物的要件の充足確認,学校教育法第82条,required,docs/company/licenses/records/,,責任者・設備・保証金等
COND-MISC-SCHOOL-OBTAIN-01,pt-misc-school,obtain,各種学校設置認可の申請・取得,学校教育法第83条,required,docs/company/licenses/records/,,営業開始前必須
COND-MISC-SCHOOL-OBTAIN-02,pt-misc-school,obtain,申請書類・添付書類の整備,学校教育法第83条,required,docs/company/licenses/records/,,種別ごとの添付書類
COND-MISC-SCHOOL-OBTAIN-03,pt-misc-school,obtain,人的・物的要件の充足確認,学校教育法第83条,required,docs/company/licenses/records/,,責任者・設備・保証金等
COND-FARMLAND-CONVERSION-OBTAIN-01,pt-farmland-conversion,obtain,農地転用許可の申請・取得,農地法第4条,required,docs/company/licenses/records/,,営業開始前必須
COND-FARMLAND-CONVERSION-OBTAIN-02,pt-farmland-conversion,obtain,申請書類・添付書類の整備,農地法第4条,required,docs/company/licenses/records/,,種別ごとの添付書類
COND-FARMLAND-CONVERSION-OBTAIN-03,pt-farmland-conversion,obtain,人的・物的要件の充足確認,農地法第4条,required,docs/company/licenses/records/,,責任者・設備・保証金等
COND-FISHERY-RIGHT-OBTAIN-01,pt-fishery-right,obtain,漁業権設定・許可の申請・取得,漁業法,required,docs/company/licenses/records/,,営業開始前必須
COND-FISHERY-RIGHT-OBTAIN-02,pt-fishery-right,obtain,申請書類・添付書類の整備,漁業法,required,docs/company/licenses/records/,,種別ごとの添付書類
COND-FISHERY-RIGHT-OBTAIN-03,pt-fishery-right,obtain,人的・物的要件の充足確認,漁業法,required,docs/company/licenses/records/,,責任者・設備・保証金等
COND-ELECTRICITY-RETAIL-OBTAIN-01,pt-electricity-retail,obtain,小売電気事業登録の申請・取得,電気事業法第2条の11,required,docs/company/licenses/records/,,営業開始前必須
COND-ELECTRICITY-RETAIL-OBTAIN-02,pt-electricity-retail,obtain,申請書類・添付書類の整備,電気事業法第2条の11,required,docs/company/licenses/records/,,種別ごとの添付書類
COND-ELECTRICITY-RETAIL-OBTAIN-03,pt-electricity-retail,obtain,人的・物的要件の充足確認,電気事業法第2条の11,required,docs/company/licenses/records/,,責任者・設備・保証金等
COND-GAS-UTILITY-OBTAIN-01,pt-gas-utility,obtain,ガス事業許可の申請・取得,ガス事業法第3条,required,docs/company/licenses/records/,,営業開始前必須
COND-GAS-UTILITY-OBTAIN-02,pt-gas-utility,obtain,申請書類・添付書類の整備,ガス事業法第3条,required,docs/company/licenses/records/,,種別ごとの添付書類
COND-GAS-UTILITY-OBTAIN-03,pt-gas-utility,obtain,人的・物的要件の充足確認,ガス事業法第3条,required,docs/company/licenses/records/,,責任者・設備・保証金等
COND-PRIVACY-CROSS-BORDER-OBTAIN-01,pt-privacy-cross-border,obtain,個人情報の外国第三者提供に関する届出の申請・取得,個人情報保護法第28条,required,docs/company/licenses/records/,,営業開始前必須
COND-PRIVACY-CROSS-BORDER-OBTAIN-02,pt-privacy-cross-border,obtain,申請書類・添付書類の整備,個人情報保護法第28条,required,docs/company/licenses/records/,,種別ごとの添付書類
COND-PRIVACY-CROSS-BORDER-OBTAIN-03,pt-privacy-cross-border,obtain,人的・物的要件の充足確認,個人情報保護法第28条,required,docs/company/licenses/records/,,責任者・設備・保証金等
COND-EMPLOYMENT-RULES-OBTAIN-01,pt-employment-rules,obtain,就業規則届出の申請・取得,労働基準法第89条,required,docs/company/licenses/records/,,営業開始前必須
COND-EMPLOYMENT-RULES-OBTAIN-02,pt-employment-rules,obtain,申請書類・添付書類の整備,労働基準法第89条,required,docs/company/licenses/records/,,種別ごとの添付書類
COND-EMPLOYMENT-RULES-OBTAIN-03,pt-employment-rules,obtain,人的・物的要件の充足確認,労働基準法第89条,required,docs/company/licenses/records/,,責任者・設備・保証金等
